City_ID,City,Lat,Lng,Max Temp,Humidity,Cloudiness,Wind Speed,Country,Date
0,invercargill,-46.4,168.35,2.79,82,100,2.68,NZ,2024-06-11
1,iqaluit,63.7506,-68.5145,1.85,87,75,1.54,CA,2024-06-11
2,aykhal,66.0,111.5,17.06,48,77,2.12,RU,2024-06-11
3,vernon,50.2581,-119.2691,27.39,20,75,3.09,CA,2024-06-11
4,grytviken,-54.2811,-36.5092,-9.57,75,17,5.86,GS,2024-06-11
5,paita,-5.0892,-81.1144,20.45,79,23,6.78,PE,2024-06-11
6,bethel,41.3712,-73.414,22.74,61,40,3.09,US,2024-06-11
7,waitangi,-43.9535,-176.5597,9.34,81,2,2.68,NZ,2024-06-11
8,puerto deseado,-47.7503,-65.8938,8.23,85,95,3.49,AR,2024-06-11
9,dauphin,51.1494,-100.0502,21.08,52,40,9.77,CA,2024-06-11
10,plaza huincul,-38.926,-69.2086,10.08,10,100,0.56,AR,2024-06-11
11,adamstown,-25.066,-130.1015,22.03,85,97,8.07,PN,2024-06-11
12,nemuro,43.3236,145.575,11.52,97,99,1.38,JP,2024-06-11
13,margaret river,-33.95,115.0667,12.33,81,0,1.44,AU,2024-06-11
14,kabinda,-6.1333,24.4833,20.8,55,18,1.85,CD,2024-06-11
15,mazar-e sharif,36.709,67.1109,32.21,17,0,4.26,AF,2024-06-11
16,auki,-8.7676,160.7034,27.51,81,100,1.04,SB,2024-06-11
17,brookings,44.3114,-96.7984,28.36,38,20,7.72,US,2024-06-11
18,ramotswa,-24.8716,25.8699,9.66,49,42,0.96,BW,2024-06-11
19,rosarito,32.3333,-117.0333,19.58,70,22,3.84,MX,2024-06-11
20,mugia,43.1041,-9.2179,13.84,77,7,8.56,ES,2024-06-11
21,port elizabeth,-33.918,25.5701,22.28,58,0,2.06,ZA,2024-06-11
22,verkhnevilyuysk,63.4453,120.3167,15.86,53,52,1.69,RU,2024-06-11
23,vyaz'ma,55.2104,34.2951,15.01,98,34,0.97,RU,2024-06-11
24,nar'yan-mar,67.6713,53.087,6.73,90,72,3.58,RU,2024-06-11
25,constantia,44.1833,28.65,23.38,78,71,2.81,RO,2024-06-11
26,mocimboa,-11.3167,40.35,21.43,84,41,5.27,MZ,2024-06-11
27,vilyuchinsk,52.9306,158.4028,9.15,92,100,1.91,RU,2024-06-11
28,talnakh,69.4865,88.3972,5.11,96,100,3.97,RU,2024-06-11
29,port-aux-francais,-49.35,70.2167,1.72,67,86,17.18,TF,2024-06-11
30,tazovsky,67.4667,78.7,2.72,77,65,1.05,RU,2024-06-11
31,alice springs,-23.7,133.8833,6.75,87,0,3.09,AU,2024-06-11
32,guerrero negro,27.9769,-114.0611,21.21,60,0,8.85,MX,2024-06-11
33,chunskiy,56.0815,99.6342,12.6,75,27,0.94,RU,2024-06-11
34,sao vicente,-23.9631,-46.3919,27.3,26,0,0.51,BR,2024-06-11
35,stanovoye,52.7638,38.3582,18.9,75,61,3.37,RU,2024-06-11
36,whitehorse,60.7161,-135.0538,16.56,36,75,4.12,CA,2024-06-11
37,lebu,-37.6167,-73.65,12.76,93,100,8.72,CL,2024-06-11
38,bandarbeyla,9.4942,50.8122,26.13,80,96,10.5,SO,2024-06-11
39,iskateley,67.6803,53.1512,6.68,90,72,3.58,RU,2024-06-11
40,blackmans bay,-43.0167,147.3167,5.41,82,47,1.34,AU,2024-06-11
41,bilibino,68.0546,166.4372,15.85,39,61,2.36,RU,2024-06-11
42,papatowai,-46.5619,169.4708,4.27,76,100,3.56,NZ,2024-06-11
43,tura,25.5198,90.2201,24.68,96,43,2.6,IN,2024-06-11
44,anadyr,64.75,177.4833,11.28,62,0,3.0,RU,2024-06-11
45,utrik,11.2278,169.8474,27.9,82,45,9.86,MH,2024-06-11
46,shingu,33.7333,135.9833,20.95,84,100,1.15,JP,2024-06-11
47,edinburgh of the seven seas,-37.0676,-12.3116,15.45,87,78,15.79,SH,2024-06-11
48,albany,42.6001,-73.9662,19.54,68,98,2.38,US,2024-06-11
49,hamilton,39.1834,-84.5333,25.49,40,0,2.06,US,2024-06-11
50,tiksi,71.6872,128.8694,1.77,82,43,0.61,RU,2024-06-11
51,yellowknife,62.456,-114.3525,16.29,48,75,4.63,CA,2024-06-11
52,tolanaro,-25.0319,46.9987,18.04,94,75,4.12,MG,2024-06-11
53,siracusa,37.0881,15.2792,22.77,79,39,3.57,IT,2024-06-11
54,deqing,30.5448,119.9599,22.81,96,100,0.86,CN,2024-06-11
55,sao joao da barra,-21.6403,-41.0511,20.05,80,24,3.72,BR,2024-06-11
56,pisco,-13.7,-76.2167,18.03,88,20,3.09,PE,2024-06-11
57,keflavik,64.0049,-22.5624,10.95,87,75,7.2,IS,2024-06-11
58,luderitz,-26.6481,15.1594,14.31,91,95,3.8,NA,2024-06-11
59,udachny,66.4167,112.4,16.92,45,92,4.6,RU,2024-06-11
60,les anglais,18.3054,-74.2197,28.93,67,95,4.63,HT,2024-06-11
61,isafjordur,66.0755,-23.124,9.19,62,75,0.88,IS,2024-06-11
62,st. john's,47.5649,-52.7093,19.66,61,40,5.14,CA,2024-06-11
63,sitia,35.2,26.0986,24.99,40,2,0.66,GR,2024-06-11
64,newman,37.3138,-121.0208,37.13,12,0,4.06,US,2024-06-11
65,mathba,22.2855,89.9629,29.07,83,99,4.28,BD,2024-06-11
66,mihaileni,47.9667,26.15,17.73,91,71,9.36,RO,2024-06-11
67,nueva concepcion,14.2,-91.3,29.14,76,100,3.71,GT,2024-06-11
68,kapuskasing,49.4169,-82.4331,24.0,23,75,4.63,CA,2024-06-11
69,kuqa,41.7278,82.9364,24.81,28,14,2.15,CN,2024-06-11
70,yuanlin,30.4151,112.8859,24.45,88,72,2.83,CN,2024-06-11
71,waingapu,-9.6567,120.2641,22.7,87,62,3.19,ID,2024-06-11
72,east london,-33.0153,27.9116,20.69,31,100,4.24,ZA,2024-06-11
73,west island,-12.1568,96.8225,26.99,89,40,6.69,CC,2024-06-11
74,beau vallon,-20.4189,57.6953,24.01,78,20,7.2,MU,2024-06-11
75,whakatane,-37.9585,176.9854,12.71,84,5,2.68,NZ,2024-06-11
76,prabumulih,-3.45,104.25,22.45,96,50,1.12,ID,2024-06-11
77,nuuk,64.1835,-51.7216,6.34,93,100,9.39,GL,2024-06-11
78,laojunmiao,39.8333,97.7333,19.42,25,99,3.75,CN,2024-06-11
79,osmanabad,18.1667,76.05,21.11,97,100,0.83,IN,2024-06-11
80,porto velho,-8.7619,-63.9039,28.03,74,40,0.51,BR,2024-06-11
81,ushuaia,-54.8,-68.3,-3.19,74,0,2.06,AR,2024-06-11
82,pacific grove,36.6177,-121.9166,29.66,78,0,3.58,US,2024-06-11
83,mount gambier,-37.8333,140.7667,11.13,61,91,4.9,AU,2024-06-11
84,el granada,37.5027,-122.4694,38.1,54,20,9.26,US,2024-06-11
85,stanley,54.868,-1.6985,7.93,92,40,1.03,GB,2024-06-11
86,prince rupert,54.3161,-130.3201,13.05,90,100,5.14,CA,2024-06-11
87,orange walk,17.8333,-88.8333,31.8,65,100,2.74,BZ,2024-06-11
88,sur,22.5667,59.5289,32.03,48,0,6.22,OM,2024-06-11
89,yeppoon,-23.1333,150.7333,13.47,70,0,2.47,AU,2024-06-11
90,kingston,17.997,-76.7936,32.53,62,20,9.77,JM,2024-06-11
91,jamestown,42.097,-79.2353,15.77,76,100,2.57,US,2024-06-11
92,qui nhon,13.7667,109.2333,27.11,74,78,1.47,VN,2024-06-11
93,puerto natales,-51.7236,-72.4875,-1.76,94,31,1.67,CL,2024-06-11
94,port mathurin,-19.6833,63.4167,24.33,70,81,8.8,MU,2024-06-11
95,cabo san lucas,22.8909,-109.9124,34.17,31,0,4.63,MX,2024-06-11
96,luoyang,34.6836,112.4536,26.64,40,2,1.66,CN,2024-06-11
97,thinadhoo,0.5333,72.9333,28.15,76,100,3.81,MV,2024-06-11
98,port hedland,-20.3167,118.5667,16.03,55,0,4.12,AU,2024-06-11
99,tocopilla,-22.092,-70.1979,19.2,75,12,3.23,CL,2024-06-11
100,nueva gerona,21.8833,-82.8,29.47,75,100,7.27,CU,2024-06-11
101,kapa'a,22.0752,-159.319,30.99,74,40,5.14,US,2024-06-11
102,diego de almagro,-26.3667,-70.05,19.08,34,0,2.9,CL,2024-06-11
103,bredasdorp,-34.5322,20.0403,14.23,75,12,6.9,ZA,2024-06-11
104,kayes,14.0,-11.0,38.19,23,30,2.55,ML,2024-06-11
105,saipan,15.1355,145.701,29.39,84,40,3.6,MP,2024-06-11
106,hithadhoo,-0.6,73.0833,28.19,75,91,3.17,MV,2024-06-11
107,itoman,26.1247,127.6694,26.43,100,75,5.66,JP,2024-06-11
108,el galpon,-25.3807,-64.6526,20.8,68,0,3.69,AR,2024-06-11
109,lospalos,-8.5186,127.0025,19.14,91,100,2.05,TL,2024-06-11
110,swakopmund,-22.6833,14.5333,13.88,88,31,0.45,NA,2024-06-11
111,garoowe,8.4054,48.4845,27.58,48,72,9.77,SO,2024-06-11
112,chonchi,-42.6128,-73.8092,11.56,97,17,1.13,CL,2024-06-11
113,hawaiian paradise park,19.5933,-154.9731,27.8,73,0,5.14,US,2024-06-11
114,hermanus,-34.4187,19.2345,17.11,78,51,11.48,ZA,2024-06-11
115,enid,36.3956,-97.8784,34.45,33,0,5.66,US,2024-06-11
116,nova sintra,14.8667,-24.7167,23.88,84,23,6.54,CV,2024-06-11
117,labytnangi,66.6572,66.4183,10.21,71,100,2.12,RU,2024-06-11
118,ribeira grande,38.5167,-28.7,18.76,81,42,2.68,PT,2024-06-11
119,champerico,14.3,-91.9167,31.3,79,100,5.63,GT,2024-06-11
120,avarua,-21.2078,-159.775,25.03,50,75,7.72,CK,2024-06-11
121,nadi,-17.8,177.4167,27.0,65,40,0.0,FJ,2024-06-11
122,mukalla,14.5425,49.1242,31.12,67,63,3.54,YE,2024-06-11
123,maseru,-29.3167,27.4833,5.45,41,87,1.59,LS,2024-06-11
124,yelan',50.949,43.7378,21.02,68,12,2.48,RU,2024-06-11
125,sinjai,-5.1241,120.253,23.85,94,89,1.47,ID,2024-06-11
126,olonkinbyen,70.9221,-8.7187,-1.18,83,13,1.33,SJ,2024-06-11
127,mangrol,21.1167,70.1167,28.85,79,3,6.09,IN,2024-06-11
128,bardai,11.65,7.2333,24.9,64,91,3.29,NG,2024-06-11
129,al qabil,22.571,58.6947,30.39,47,0,2.35,OM,2024-06-11
130,urucui,-7.2294,-44.5561,27.86,39,8,1.82,BR,2024-06-11
131,fisterra,42.9049,-9.2629,13.75,76,6,9.1,ES,2024-06-11
132,ponta delgada,37.7333,-25.6667,18.44,77,20,4.12,PT,2024-06-11
133,solnechnyy,50.7214,136.6319,6.68,86,100,3.83,RU,2024-06-11
134,longyearbyen,78.2186,15.6401,1.91,93,75,2.57,SJ,2024-06-11
135,naliya,23.2667,68.8333,28.44,78,4,6.43,IN,2024-06-11
136,saint-pierre,-21.3393,55.4781,22.82,73,0,2.06,RE,2024-06-11
137,ta`u,-14.2336,-169.5144,27.25,81,99,8.68,AS,2024-06-11
138,carnarvon,-24.8667,113.6333,19.05,88,100,3.07,AU,2024-06-11
139,cortina d'ampezzo,46.5384,12.1377,10.5,98,100,1.02,IT,2024-06-11
140,ciudad guayana,8.3533,-62.6528,27.67,81,100,2.54,VE,2024-06-11
141,reggane,26.7158,0.1714,38.46,12,0,3.63,DZ,2024-06-11
142,petropavlovsk-kamchatsky,53.0452,158.6483,8.33,90,75,4.47,RU,2024-06-11
143,mossendjo,-2.9506,12.7261,20.95,77,27,0.66,CG,2024-06-11
144,bel ombre,-4.6167,55.4167,25.91,83,40,2.06,SC,2024-06-11
145,moose jaw,50.4001,-105.5344,25.15,31,40,2.57,CA,2024-06-11
146,pierre,44.3683,-100.351,29.51,36,0,1.79,US,2024-06-11
147,gustavsberg,59.3268,18.3898,10.94,95,86,1.27,SE,2024-06-11
148,harper,4.375,-7.7169,26.23,83,100,4.3,LR,2024-06-11
149,fale old settlement,-9.3852,-171.2468,28.75,76,95,4.19,TK,2024-06-11
150,flying fish cove,-10.4217,105.6791,25.82,88,100,4.63,CX,2024-06-11
151,aasiaat,68.7098,-52.8699,1.34,88,100,1.89,GL,2024-06-11
152,ilulissat,69.2167,-51.1,4.01,93,100,2.06,GL,2024-06-11
153,new norfolk,-42.7826,147.0587,6.07,83,72,2.2,AU,2024-06-11
154,wailua homesteads,22.0669,-159.378,30.24,74,40,5.14,US,2024-06-11
155,trincomalee,8.5711,81.2335,27.88,75,100,10.66,LK,2024-06-11
156,george town,5.4112,100.3354,28.86,85,20,2.06,MY,2024-06-11
157,antsiranana,-12.2787,49.2917,24.05,73,100,3.16,MG,2024-06-11
158,ulladulla,-35.35,150.4667,12.38,66,1,4.91,AU,2024-06-11
159,gaspe,48.8334,-64.4819,17.12,77,20,4.12,CA,2024-06-11
160,weno,7.4515,151.8468,28.97,79,40,3.6,FM,2024-06-11
161,horta,38.5333,-28.6333,18.34,81,55,2.68,PT,2024-06-11
162,leshan,29.5623,103.7639,20.52,91,99,0.7,CN,2024-06-11
163,nouadhibou,20.931,-17.0347,22.99,64,6,9.77,MR,2024-06-11
164,polyarnyy,69.1989,33.4478,6.17,95,73,3.34,RU,2024-06-11
165,aleksandrov gay,50.147,48.5704,23.43,47,21,3.65,RU,2024-06-11
166,magadan,59.5667,150.8,9.74,64,98,2.97,RU,2024-06-11
167,puerto baquerizo moreno,-0.9,-89.6,24.55,73,20,8.23,EC,2024-06-11
168,ola,59.5833,151.2833,10.08,61,95,2.18,RU,2024-06-11
169,bermejo,-32.8833,-68.8,15.95,59,0,1.03,AR,2024-06-11
170,taltal,-25.4,-70.4833,16.1,81,31,2.21,CL,2024-06-11
171,rikaze,29.25,88.8833,13.47,46,5,1.92,CN,2024-06-11
172,nova vicosa,-17.8919,-39.3719,22.83,76,6,2.7,BR,2024-06-11
173,pocoes,-14.5297,-40.3653,17.23,91,43,2.2,BR,2024-06-11
174,darnah,32.767,22.6367,27.31,37,3,0.63,LY,2024-06-11
175,hexham,54.9699,-2.104,10.28,92,99,1.65,GB,2024-06-11
176,qamdo,31.1667,97.2333,8.65,77,97,0.93,CN,2024-06-11
177,georgetown,5.4112,100.3354,28.86,85,20,2.06,MY,2024-06-11
178,banda aceh,5.5577,95.3222,27.26,81,100,5.36,ID,2024-06-11
179,biltine,14.5333,20.9167,31.97,32,52,3.9,TD,2024-06-11
180,saint-philippe,-21.3585,55.7679,22.77,87,100,5.18,RE,2024-06-11
181,richlands,37.0932,-81.7937,24.06,34,2,2.88,US,2024-06-11
182,port moresby,-9.4431,147.1797,26.68,83,75,5.14,PG,2024-06-11
183,sweetwater,25.7634,-80.3731,26.12,97,100,4.12,US,2024-06-11
184,san jose,37.3394,-121.895,39.83,34,0,6.17,US,2024-06-11
185,sarandi del yi,-33.35,-55.6333,15.99,88,100,6.49,UY,2024-06-11
186,port alfred,-33.5906,26.891,21.21,40,95,2.24,ZA,2024-06-11
187,buulobarde,3.8538,45.5674,24.43,74,93,8.53,SO,2024-06-11
188,puerto ayora,-0.7393,-90.3518,27.98,94,97,1.79,EC,2024-06-11
189,pali,25.7667,73.3333,31.33,55,87,7.64,IN,2024-06-11
190,porbandar,21.6422,69.6093,28.67,79,2,5.88,IN,2024-06-11
191,punta arenas,-53.15,-70.9167,0.06,100,100,3.09,CL,2024-06-11
192,mar del plata,-38.0023,-57.5575,12.83,92,99,7.6,AR,2024-06-11
193,thompson,55.7435,-97.8558,15.09,82,100,1.03,CA,2024-06-11
194,roma,43.2128,-75.4557,17.54,71,100,2.57,US,2024-06-11
195,phai sali,15.5976,100.6585,26.16,76,100,2.99,TH,2024-06-11
196,chachersk,52.9164,30.9179,16.22,97,2,2.03,BY,2024-06-11
197,nguigmi,14.2495,13.1092,27.56,60,12,5.98,NE,2024-06-11
198,nykarleby,63.5228,22.5307,11.06,90,11,2.06,FI,2024-06-11
199,tarawa,1.419,172.984,31.05,70,40,4.12,KI,2024-06-11
200,lihue,21.9789,-159.3672,30.58,68,40,5.14,US,2024-06-11
201,kodiak,57.79,-152.4072,8.73,87,100,4.12,US,2024-06-11
202,atafu village,-8.5421,-172.5159,28.38,76,90,3.14,TK,2024-06-11
203,antalaha,-14.9003,50.2788,21.56,93,100,2.56,MG,2024-06-11
204,pocone,-16.2567,-56.6228,27.11,32,19,1.72,BR,2024-06-11
205,tual,-5.6667,132.75,26.74,82,100,8.94,ID,2024-06-11
206,xinqing,48.2333,129.5,13.33,97,100,1.05,CN,2024-06-11
207,ormara,25.2088,64.6357,28.11,88,4,4.39,PK,2024-06-11
208,jayapura,-2.5333,140.7,25.66,90,93,1.81,ID,2024-06-11
209,harstad,68.799,16.5293,10.66,97,78,0.45,NO,2024-06-11
210,palapag,12.5458,125.1147,25.81,94,84,1.61,PH,2024-06-11
211,arraial do cabo,-22.9661,-42.0278,17.98,88,0,0.0,BR,2024-06-11
212,wake village,33.4268,-94.1063,32.06,38,0,3.09,US,2024-06-11
213,kupang,-10.1667,123.5833,25.32,94,20,2.57,ID,2024-06-11
214,polur,12.5,79.1333,28.72,60,100,2.79,IN,2024-06-11
215,suileng,47.25,127.0833,15.66,77,6,4.93,CN,2024-06-11
216,remire-montjoly,4.9167,-52.2667,27.02,89,0,1.03,GF,2024-06-11
217,watampone,-4.5386,120.3279,23.81,93,56,1.79,ID,2024-06-11
218,sinop,41.7711,34.8709,21.62,27,0,4.01,TR,2024-06-11
219,plettenberg bay,-34.0527,23.3716,19.21,55,34,5.15,ZA,2024-06-11
220,tromso,69.6496,18.957,10.01,93,75,4.12,NO,2024-06-11
221,madang,-5.2246,145.7966,25.52,90,98,1.45,PG,2024-06-11
222,veraval,20.9,70.3667,28.96,78,27,5.9,IN,2024-06-11
223,chipinge,-20.1883,32.6236,9.16,92,26,1.7,ZW,2024-06-11
224,viedma,-40.8135,-62.9967,14.42,51,99,4.7,AR,2024-06-11
225,ust-nera,64.5667,143.2,13.9,49,47,1.69,RU,2024-06-11
226,chokwe,-24.5333,32.9833,15.01,84,1,1.68,MZ,2024-06-11
227,badger,64.8,-147.5333,21.95,60,75,3.6,US,2024-06-11
228,kiffa,16.6166,-11.4045,37.54,14,0,3.36,MR,2024-06-11
229,la passe,45.5549,-0.8967,16.13,71,99,4.39,FR,2024-06-11
230,smara,26.7384,-11.6719,19.65,64,0,7.28,EH,2024-06-11
231,kloulklubed,7.0419,134.2556,26.28,75,100,2.31,PW,2024-06-11
232,margate,51.3813,1.3862,11.5,79,95,0.45,GB,2024-06-11
233,two rivers,44.1539,-87.5693,16.88,87,100,4.12,US,2024-06-11
234,port lincoln,-34.7333,135.8667,13.75,88,58,4.18,AU,2024-06-11
235,port douglas,-16.4833,145.4667,20.13,77,28,1.64,AU,2024-06-11
236,mossel bay,-34.1831,22.146,14.96,84,3,2.35,ZA,2024-06-11
237,takoradi,4.8845,-1.7554,25.52,82,60,3.37,GH,2024-06-11
238,necochea,-38.5473,-58.7368,11.55,68,49,3.58,AR,2024-06-11
239,priozersk,61.0393,30.1291,14.97,91,79,2.42,RU,2024-06-11
240,sena madureira,-9.0656,-68.6569,28.29,65,96,0.64,BR,2024-06-11
241,iquique,-20.2208,-70.1431,18.02,83,50,3.52,CL,2024-06-11
242,kurumkan,54.3,110.3,13.4,92,100,1.79,RU,2024-06-11
243,geraldton,-28.7667,114.6,16.23,94,40,1.03,AU,2024-06-11
244,tiquipaya,-17.3382,-66.2189,20.4,17,11,1.54,BO,2024-06-11
245,tofol,5.3248,163.0078,27.88,89,100,5.14,FM,2024-06-11
246,pitimbu,-7.4706,-34.8086,25.33,86,15,4.99,BR,2024-06-11
247,vorgashor,67.5833,63.95,5.45,69,42,3.28,RU,2024-06-11
248,joao pinheiro,-17.7425,-46.1725,21.4,45,0,3.29,BR,2024-06-11
249,vorkuta,67.5,64.0,5.62,69,48,3.13,RU,2024-06-11
250,zambezi,-13.5432,23.1047,11.95,49,0,2.77,ZM,2024-06-11
251,anori,-3.7728,-61.6442,26.92,82,37,0.5,BR,2024-06-11
252,huron,41.1501,-82.5499,22.69,39,37,3.12,US,2024-06-11
253,khairpur nathan shah,27.0936,67.7337,35.02,42,0,6.01,PK,2024-06-11
254,mil'kovo,55.6078,37.7956,19.27,97,98,2.6,RU,2024-06-11
255,mata-utu,-13.2816,-176.1745,27.6,77,26,4.82,WF,2024-06-11
256,namibe,-15.1961,12.1522,20.19,78,1,1.03,AO,2024-06-11
257,pangody,65.85,74.4859,8.06,81,73,3.53,RU,2024-06-11
258,al mijlad,11.0333,27.7333,28.98,51,100,0.76,SD,2024-06-11
259,college,64.8569,-147.8028,21.99,62,75,3.6,US,2024-06-11
260,el obeid,13.1842,30.2167,28.94,55,29,6.45,SD,2024-06-11
261,rio grande,-32.035,-52.0986,18.06,93,100,5.3,BR,2024-06-11
262,tsiombe,-25.3,45.4833,18.81,79,95,5.56,MG,2024-06-11
263,leava,-14.3,-178.1667,27.07,76,66,7.5,WF,2024-06-11
264,dalnerechensk,45.9339,133.7225,16.84,97,100,1.42,RU,2024-06-11
265,arkhangel'sk,64.5401,40.5433,12.85,100,20,2.0,RU,2024-06-11
266,broken hill,-31.95,141.4333,9.64,88,2,4.1,AU,2024-06-11
267,kailua-kona,19.6406,-155.9956,29.6,73,40,4.63,US,2024-06-11
268,enewetak,11.3474,162.3373,28.16,80,93,8.99,MH,2024-06-11
269,nazira,26.9167,94.7333,25.79,88,3,1.01,IN,2024-06-11
270,strugi-krasnyye,58.2675,29.1114,11.56,75,38,2.38,RU,2024-06-11
271,chincha alta,-13.4099,-76.1323,17.33,74,96,1.86,PE,2024-06-11
272,suva,-18.1416,178.4415,24.71,88,40,1.03,FJ,2024-06-11
273,port saint john's,-31.6229,29.5448,16.74,58,81,2.97,ZA,2024-06-11
274,kargasok,59.0556,80.8572,14.42,84,100,3.13,RU,2024-06-11
275,schwedt (oder),53.0596,14.2815,11.47,92,6,4.45,DE,2024-06-11
276,gulf shores,30.246,-87.7008,35.16,58,20,4.63,US,2024-06-11
277,ilek,51.5271,53.3831,19.92,61,10,3.17,RU,2024-06-11
278,nouna,12.7333,-3.8667,34.21,39,74,3.86,BF,2024-06-11
279,broome,42.2506,-75.833,17.57,82,100,1.54,US,2024-06-11
280,saham,24.1722,56.8886,36.01,38,0,1.3,OM,2024-06-11
281,lewistown,40.5992,-77.5714,21.31,78,100,0.0,US,2024-06-11
282,boiling springs,35.0465,-81.9818,29.92,40,0,0.0,US,2024-06-11
283,hue,16.4667,107.6,28.06,78,20,1.54,VN,2024-06-11
284,vila franca do campo,37.7167,-25.4333,18.27,99,55,1.67,PT,2024-06-11
285,susuman,62.7833,148.1667,9.43,52,10,1.79,RU,2024-06-11
286,padang,-0.9492,100.3543,25.03,80,100,1.65,ID,2024-06-11
287,pajapita,14.7167,-92.0333,30.81,87,100,4.89,GT,2024-06-11
288,kerikeri,-35.2268,173.9474,12.17,92,1,0.89,NZ,2024-06-11
289,tamanrasset,22.785,5.5228,27.95,9,0,3.09,DZ,2024-06-11
290,bargarh,21.3333,83.6167,32.79,43,70,0.78,IN,2024-06-11
291,ancud,-41.8697,-73.8203,11.7,91,92,3.62,CL,2024-06-11
292,saint-joseph,-21.3667,55.6167,22.21,85,100,4.44,RE,2024-06-11
293,moultonborough,43.7548,-71.3967,21.78,73,77,0.45,US,2024-06-11
294,kristiansund,63.1115,7.732,9.03,87,75,1.54,NO,2024-06-11
295,san patricio,28.017,-97.5169,35.05,43,6,8.26,US,2024-06-11
296,tazacorte,28.629,-17.9293,20.54,79,75,7.2,ES,2024-06-11
297,jiuquan,39.7432,98.5174,23.77,20,91,5.13,CN,2024-06-11
298,mambolo,8.9231,-13.0444,27.16,90,61,1.43,SL,2024-06-11
299,carbonear,47.7332,-53.2148,19.91,73,64,4.54,CA,2024-06-11
300,fernley,39.608,-119.2518,37.34,11,2,2.68,US,2024-06-11
301,undurkhaan,47.3194,110.6556,14.38,73,100,2.72,MN,2024-06-11
302,tripoli,32.8752,13.1875,27.21,62,1,9.27,LY,2024-06-11
303,richards bay,-28.783,32.0377,18.37,60,81,7.28,ZA,2024-06-11
304,tulun,54.5611,100.5792,11.33,84,73,2.2,RU,2024-06-11
305,tuy hoa,13.0833,109.3,26.85,75,33,2.98,VN,2024-06-11
306,hadibu,12.65,54.0333,27.9,75,100,6.43,YE,2024-06-11
307,orekhovo-zuyevo,55.8108,38.9719,19.48,98,87,2.32,RU,2024-06-11
308,omutinskiy,56.4745,67.6709,11.76,83,95,3.25,RU,2024-06-11
309,menongue,-14.6585,17.691,9.91,44,6,1.84,AO,2024-06-11
310,codrington,-38.2667,141.9667,11.05,60,98,8.63,AU,2024-06-11
311,huarmey,-10.0681,-78.1522,20.08,76,50,3.27,PE,2024-06-11
312,queenstown,-31.8976,26.8753,10.98,31,100,4.53,ZA,2024-06-11
313,oyama,36.3,139.8,24.21,76,97,0.9,JP,2024-06-11
314,malanje,-9.5402,16.341,15.67,41,6,1.31,AO,2024-06-11
315,jiangzi,28.95,89.6333,7.75,50,17,0.49,CN,2024-06-11
316,zanjan,36.6736,48.4787,17.0,70,26,0.43,IR,2024-06-11
317,afaahiti,-17.75,-149.2833,26.93,66,45,8.7,PF,2024-06-11
318,hotan,37.0997,79.9269,24.69,28,99,1.71,CN,2024-06-11
319,dabeiba,7.0017,-76.2672,27.37,73,97,0.45,CO,2024-06-11
320,xining,36.6167,101.7667,11.99,68,95,1.19,CN,2024-06-11
321,haiku-pauwela,20.9219,-156.3051,28.43,71,0,11.83,US,2024-06-11
322,peace river,56.2501,-117.286,13.17,87,75,2.57,CA,2024-06-11
323,marsa alam,25.0757,34.8918,31.14,30,0,3.52,EG,2024-06-11
324,barra de santo antonio,-9.4047,-35.5072,24.6,84,58,2.81,BR,2024-06-11
325,binhe,32.6883,112.8275,24.94,77,25,3.35,CN,2024-06-11
326,port blair,11.6667,92.75,28.02,89,40,2.57,IN,2024-06-11
327,tayoltita,24.0833,-105.9333,38.02,33,37,3.33,MX,2024-06-11
328,arequipa,-16.3989,-71.535,20.04,16,0,2.57,PE,2024-06-11
329,patnongon,10.9132,121.9937,27.6,76,100,1.55,PH,2024-06-11
330,coquimbo,-29.9533,-71.3436,11.85,100,100,3.09,CL,2024-06-11
331,nikolayevsk-on-amure,53.1406,140.73,6.79,98,100,1.79,RU,2024-06-11
332,emerald,-23.5333,148.1667,16.44,39,0,2.21,AU,2024-06-11
333,pontal do parana,-25.6533,-48.5128,19.08,98,42,1.15,BR,2024-06-11
334,gadzhiyevo,69.2551,33.3362,6.21,96,83,3.74,RU,2024-06-11
335,taoudenni,22.6783,-3.9836,38.24,12,16,5.1,ML,2024-06-11
336,inirida,3.8653,-67.9239,27.14,88,62,0.94,CO,2024-06-11
337,isangel,-19.55,169.2667,26.06,83,40,2.57,VU,2024-06-11
338,papao,-17.75,-149.55,27.82,67,28,9.8,PF,2024-06-11
339,soio,-6.1349,12.3689,22.81,94,12,3.46,AO,2024-06-11
340,berezovyy,51.6667,135.7,6.84,97,100,1.19,RU,2024-06-11
341,clarion,41.2148,-79.3853,19.2,68,90,1.99,US,2024-06-11
342,igarka,67.4667,86.5833,11.68,88,100,5.36,RU,2024-06-11
343,sitka,57.0531,-135.33,10.2,83,100,3.0,US,2024-06-11
344,dadukou,26.5479,101.7054,22.93,88,99,1.02,CN,2024-06-11
345,happy valley-goose bay,53.3168,-60.3315,14.17,62,20,3.09,CA,2024-06-11
346,kidal,18.4411,1.4078,34.98,18,0,2.13,ML,2024-06-11
347,worthing,50.8145,-0.3713,11.77,82,75,3.75,GB,2024-06-11
348,port pirie,-33.1833,138.0167,13.57,93,22,0.64,AU,2024-06-11
349,gizo,-8.103,156.8419,28.28,77,82,3.36,SB,2024-06-11
350,bikenibeu village,1.3673,173.1241,30.98,70,40,4.12,KI,2024-06-11
351,wynyard,-41.0,145.7167,7.72,71,17,4.89,AU,2024-06-11
352,sao gabriel da cachoeira,-0.1303,-67.0892,25.59,88,75,0.7,BR,2024-06-11
353,araguari,-18.6472,-48.1872,24.16,44,14,1.21,BR,2024-06-11
354,khmelnytskyi,49.4216,26.9965,16.35,98,100,6.78,UA,2024-06-11
355,badiyah,22.45,58.8,29.97,51,0,3.02,OM,2024-06-11
356,morehead city,34.7229,-76.726,28.03,65,0,5.14,US,2024-06-11
357,stanthorpe,-28.6667,151.95,11.35,77,2,5.9,AU,2024-06-11
358,san borja,-14.8167,-66.85,27.8,54,39,1.87,BO,2024-06-11
359,labrador city,52.9463,-66.9114,20.66,24,40,1.03,CA,2024-06-11
360,nadym,65.5333,72.5167,10.54,74,86,5.93,RU,2024-06-11
361,shitanjing,39.2342,106.3439,24.26,26,44,2.57,CN,2024-06-11
362,kavieng,-2.5744,150.7967,27.34,85,99,7.68,PG,2024-06-11
363,zyryanovsk,49.7386,84.2719,13.69,97,95,2.34,KZ,2024-06-11
364,alausi,-2.2,-78.8333,10.62,94,100,1.89,EC,2024-06-11
365,maceio,-9.6658,-35.7353,24.69,88,75,1.03,BR,2024-06-11
366,zuwarah,32.9312,12.082,27.7,57,42,2.69,LY,2024-06-11
367,sona,45.4388,10.8255,18.51,72,20,2.57,IT,2024-06-11
368,el alto,-4.2714,-81.2147,23.81,78,69,5.73,PE,2024-06-11
369,mount isa,-20.7333,139.5,9.87,66,0,2.06,AU,2024-06-11
370,winona,43.9666,-91.7668,27.11,47,40,2.06,US,2024-06-11
371,kargil,34.5667,76.1,6.33,49,2,2.06,IN,2024-06-11
372,constitucion,-35.3333,-72.4167,13.75,83,100,5.21,CL,2024-06-11
373,karakulino,56.012,53.7067,18.45,91,48,2.66,RU,2024-06-11
374,coahuayana de hidalgo,18.7,-103.6583,29.4,66,90,2.88,MX,2024-06-11
375,saltillo,25.4167,-101.0,33.68,21,0,5.81,MX,2024-06-11
376,al mindak,20.1588,41.2834,29.78,17,38,5.13,SA,2024-06-11
377,seminole,28.7086,-81.2081,26.9,86,100,2.06,US,2024-06-11
378,vila velha,-20.3297,-40.2925,22.97,83,0,1.54,BR,2024-06-11
379,novyy urengoy,66.0833,76.6333,7.38,76,50,1.7,RU,2024-06-11
380,jamaame,0.0697,42.745,24.46,84,74,4.58,SO,2024-06-11
381,khabary,53.6259,79.5345,13.76,92,100,3.22,RU,2024-06-11
382,wenchang,30.904,118.4887,24.93,85,91,2.07,CN,2024-06-11
383,bir el ater,34.7449,8.0602,26.64,30,51,3.88,DZ,2024-06-11
384,nova olimpia,-14.7972,-57.2881,24.42,43,8,1.7,BR,2024-06-11
385,dakhla,23.6848,-15.958,19.98,83,0,10.77,EH,2024-06-11
386,den burg,53.0542,4.7972,11.1,84,75,2.57,NL,2024-06-11
387,ruokolahti,61.2833,28.8333,11.17,84,84,2.89,FI,2024-06-11
388,ceres,37.5949,-120.9577,39.33,12,0,5.22,US,2024-06-11
389,kill devil hills,36.0307,-75.676,26.0,77,40,4.63,US,2024-06-11
390,kostopil',50.8784,26.4519,14.69,95,100,6.8,UA,2024-06-11
391,fort st. john,56.2499,-120.8529,16.94,36,75,1.03,CA,2024-06-11
392,porto franco,-6.3383,-47.3992,27.11,47,18,1.11,BR,2024-06-11
393,arteche,12.2645,125.4048,28.34,81,81,2.82,PH,2024-06-11
394,revda,56.801,59.9303,14.42,96,25,2.28,RU,2024-06-11
395,sechura,-5.5569,-80.8222,22.66,65,27,7.26,PE,2024-06-11
396,uturoa,-16.7333,-151.4333,25.69,71,63,9.32,PF,2024-06-11
397,novodvinsk,64.4165,40.8122,12.66,93,8,0.98,RU,2024-06-11
398,mount pearl,47.5166,-52.7813,19.19,65,40,5.14,CA,2024-06-11
399,lincoln,40.8,-96.667,33.48,29,0,0.89,US,2024-06-11
400,buka,40.8108,69.1986,24.0,38,3,0.93,UZ,2024-06-11
401,ciudad lazaro cardenas,17.9583,-102.2,28.9,69,98,4.53,MX,2024-06-11
402,tobruk,32.0836,23.9764,25.23,54,1,0.5,LY,2024-06-11
403,paramonga,-10.6667,-77.8333,18.74,81,75,2.55,PE,2024-06-11
404,alaghsas,17.0187,8.0168,28.13,48,81,2.88,NE,2024-06-11
405,cockburn town,21.4612,-71.1419,27.8,89,38,8.96,TC,2024-06-11
406,coari,-4.085,-63.1414,24.88,96,50,1.37,BR,2024-06-11
407,atbasar,51.8,68.3333,13.78,81,0,4.14,KZ,2024-06-11
408,quelimane,-17.8786,36.8883,19.97,88,75,2.42,MZ,2024-06-11
409,as sulayyil,20.4607,45.5779,33.14,14,0,3.5,SA,2024-06-11
410,sisimiut,66.9395,-53.6735,3.95,98,100,1.27,GL,2024-06-11
411,ambodifotatra,-16.9833,49.85,23.21,86,100,6.38,MG,2024-06-11
412,minot air force base,48.4209,-101.3391,26.1,53,40,6.69,US,2024-06-11
413,egersund,58.4513,5.9997,10.21,81,24,9.84,NO,2024-06-11
414,balabac,7.9868,117.0645,27.93,72,99,0.57,PH,2024-06-11
415,bowen,-20.0167,148.2333,16.52,68,2,2.01,AU,2024-06-11
416,plastun,44.7561,136.2939,13.22,86,100,1.78,RU,2024-06-11
417,al kharijah,25.4514,30.5464,28.72,19,0,2.95,EG,2024-06-11
418,belel,7.05,14.4333,15.65,95,73,1.13,CM,2024-06-11
419,port augusta,-32.5,137.7667,12.93,89,33,1.06,AU,2024-06-11
420,puerto cabezas,14.0351,-83.3888,28.98,84,75,2.06,NI,2024-06-11
421,mejit,10.2753,170.8646,27.89,82,33,9.34,MH,2024-06-11
422,peterhead,57.5058,-1.7981,8.22,75,95,8.84,GB,2024-06-11
423,sokcho,38.2083,128.5911,26.34,36,0,6.69,KR,2024-06-11
424,nelson bay,-32.7167,152.15,16.16,71,6,0.45,AU,2024-06-11
425,letterkenny,54.95,-7.7333,7.06,87,100,1.61,IE,2024-06-11
426,timbiqui,2.7717,-77.6654,26.01,88,82,1.91,CO,2024-06-11
427,shihezi,44.3,86.0333,23.9,38,73,2.31,CN,2024-06-11
428,rockingham,42.9668,-71.0995,22.17,75,99,1.43,US,2024-06-11
429,alacranes,22.7675,-81.5675,28.27,96,100,1.65,CU,2024-06-11
430,pandan,14.0453,124.1694,28.97,78,30,2.11,PH,2024-06-11
431,srivardhan,18.0333,73.0167,27.93,81,100,2.07,IN,2024-06-11
432,minas de marcona,-15.2119,-75.1103,15.9,67,100,2.62,PE,2024-06-11
433,miedzyzdroje,53.9292,14.451,12.1,84,61,9.25,PL,2024-06-11
434,walvis bay,-22.9575,14.5053,13.94,76,12,2.84,NA,2024-06-11
435,balashov,51.5502,43.1667,20.28,71,76,1.97,RU,2024-06-11
436,gainesville,29.6516,-82.3248,36.07,50,40,5.66,US,2024-06-11
437,sumbawa besar,-8.5,117.4333,22.21,90,83,1.71,ID,2024-06-11
438,zamboanguita,9.1025,123.1996,28.15,77,100,0.16,PH,2024-06-11
439,crane,31.3974,-102.3501,34.8,24,0,3.36,US,2024-06-11
440,sinabang,2.4803,96.3801,25.92,85,100,0.51,ID,2024-06-11
441,betio village,1.358,172.9211,31.02,75,62,6.26,KI,2024-06-11
442,'ain benian,36.8028,2.9219,21.03,75,0,1.75,DZ,2024-06-11
443,mermoz boabab,14.7065,-17.4758,26.31,83,0,4.12,SN,2024-06-11
444,bandar abbas,27.1865,56.2808,31.99,58,44,0.0,IR,2024-06-11
445,la'ie,21.6477,-157.9253,28.98,75,52,3.13,US,2024-06-11
446,cangucu,-31.395,-52.6756,15.56,97,100,3.53,BR,2024-06-11
447,island harbour,50.724,-1.2758,12.78,72,82,0.89,GB,2024-06-11
448,floro,61.5996,5.0328,11.04,66,20,6.17,NO,2024-06-11
449,nilsia,63.2,28.0833,10.92,89,94,1.94,FI,2024-06-11
450,hondomachi-hondo,32.45,130.2,20.96,88,97,2.7,JP,2024-06-11
451,quba,41.3626,48.5152,19.84,71,100,3.24,AZ,2024-06-11
452,vecumnieki,56.6064,24.5222,11.83,98,11,3.18,LV,2024-06-11
453,east ballina,-28.8667,153.5833,15.44,61,100,6.46,AU,2024-06-11
454,chiredzi,-21.05,31.6667,12.48,78,54,0.28,ZW,2024-06-11
455,howrah,22.5892,88.3103,30.0,89,40,4.63,IN,2024-06-11
456,mont-dore,-22.2833,166.5833,22.99,99,3,2.39,NC,2024-06-11
457,loch garman,52.3342,-6.4575,7.74,85,51,0.78,IE,2024-06-11
458,ustaritz,43.3965,-1.456,16.85,82,75,1.54,FR,2024-06-11
459,praia da vitoria,38.7333,-27.0667,20.14,77,40,0.4,PT,2024-06-11
460,oliver,49.1831,-119.5524,27.95,15,34,5.66,CA,2024-06-11
461,preobrazheniye,42.9019,133.9064,18.34,88,92,2.5,RU,2024-06-11
462,olyokminsk,60.3736,120.4264,19.68,50,61,0.82,RU,2024-06-11
463,iwaki,37.05,140.8833,23.4,64,41,3.07,JP,2024-06-11
464,tranqueras,-31.2,-55.75,19.69,95,100,3.0,UY,2024-06-11
465,arenas de san pedro,40.2104,-5.0869,16.31,51,42,3.11,ES,2024-06-11
466,nichinan,31.6,131.3667,22.82,95,100,3.54,JP,2024-06-11
467,fort mcmurray,56.7268,-111.381,19.77,45,100,3.09,CA,2024-06-11
468,uttar char fasson,22.2332,90.7132,29.47,83,100,6.27,BD,2024-06-11
469,kolonia,50.9333,6.95,11.64,77,20,3.09,DE,2024-06-11
470,bahia de kino,28.8333,-111.9333,34.88,30,0,5.52,MX,2024-06-11
471,mili,6.0815,171.735,28.35,80,65,6.02,MH,2024-06-11
472,san antonio de pale,-1.4014,5.6325,24.52,86,91,4.78,GQ,2024-06-11
473,turpan,42.9333,89.1667,31.88,22,84,0.19,CN,2024-06-11
474,essaouira,31.5125,-9.77,19.72,72,0,2.57,MA,2024-06-11
475,saldanha,-33.0117,17.9442,15.03,87,24,6.81,ZA,2024-06-11
476,taurage,55.2522,22.2897,9.0,97,5,3.63,LT,2024-06-11
477,hinton,53.4001,-117.5857,21.5,25,68,7.66,CA,2024-06-11
478,le port,-20.9373,55.2919,23.0,82,100,3.0,RE,2024-06-11
479,qaqortoq,60.7167,-46.0333,2.16,98,100,2.51,GL,2024-06-11
480,tatsinskiy,48.1968,41.2756,20.55,62,45,2.31,RU,2024-06-11
481,shenjiamen,29.9576,122.298,22.24,97,99,0.39,CN,2024-06-11
482,kirakira,-10.4544,161.9205,29.04,74,72,0.75,SB,2024-06-11
483,perbaungan,3.5679,98.956,25.06,89,100,0.75,ID,2024-06-11
484,suoyarvi,62.0833,32.35,8.37,87,22,2.17,RU,2024-06-11
485,antofagasta,-23.65,-70.4,15.6,86,13,2.4,CL,2024-06-11
486,cherlak,54.155,74.8055,12.92,95,100,5.86,RU,2024-06-11
487,les cayes,18.2,-73.75,27.83,83,87,4.4,HT,2024-06-11
488,yatou,37.15,122.3833,22.23,75,44,7.16,CN,2024-06-11
489,kegen,43.0197,79.2203,10.39,80,91,1.74,KZ,2024-06-11
490,alpine,32.835,-116.7664,31.61,64,100,4.63,US,2024-06-11
491,dongola,19.1667,30.4833,31.26,12,0,5.28,SD,2024-06-11
492,asparuhovo,43.3915,25.1255,21.78,73,67,3.52,BG,2024-06-11
493,meadow lake,34.8014,-106.5436,34.26,19,46,0.77,US,2024-06-11
494,enoch,37.7733,-113.0244,33.14,14,0,2.24,US,2024-06-11
495,inhambane,-23.865,35.3833,20.36,63,78,2.26,MZ,2024-06-11
496,karratha,-20.7377,116.8463,18.46,54,0,1.97,AU,2024-06-11
497,middle ridge,-27.6016,151.9621,10.52,72,15,1.79,AU,2024-06-11
498,wafangdian,39.6183,122.0081,21.85,63,95,3.0,CN,2024-06-11
499,monte caseros,-30.2536,-57.6363,21.96,83,89,3.85,AR,2024-06-11
500,palmer,42.1584,-72.3287,22.03,60,75,3.6,US,2024-06-11
501,musan-up,42.2261,129.2078,20.06,76,100,2.89,KP,2024-06-11
502,cabedelo,-6.9811,-34.8339,25.37,86,17,5.37,BR,2024-06-11
503,cozumel,20.5083,-86.9458,31.04,74,75,2.06,MX,2024-06-11
504,salahonda,2.1019,-78.7217,26.67,82,77,5.9,CO,2024-06-11
505,touros,-5.1989,-35.4608,25.66,84,11,5.52,BR,2024-06-11
506,dudinka,69.4058,86.1778,5.38,85,100,4.92,RU,2024-06-11
507,monrovia,6.3005,-10.7969,25.87,87,100,4.59,LR,2024-06-11
508,dawson creek,55.7666,-120.2362,17.8,48,40,2.57,CA,2024-06-11
509,idri,27.5,13.2667,33.35,12,0,2.37,LY,2024-06-11
510,st anne,49.715,-2.2042,11.25,67,31,7.4,GG,2024-06-11
511,raduzhny,62.0961,77.475,14.64,77,100,3.27,RU,2024-06-11
512,wacheng,33.7833,114.5167,29.39,48,0,2.9,CN,2024-06-11
513,port shepstone,-30.7414,30.455,15.65,54,67,2.65,ZA,2024-06-11
514,saint peter port,49.4598,-2.5353,14.2,76,20,3.09,GG,2024-06-11
515,thatta,24.7475,67.9235,28.32,79,22,8.14,PK,2024-06-11
516,yuzhno-kurilsk,44.0306,145.8556,11.88,99,97,2.13,RU,2024-06-11
517,moussoro,13.6408,16.4901,31.18,44,44,3.64,TD,2024-06-11
518,nuku'alofa,-21.1333,-175.2,25.19,78,75,6.69,TO,2024-06-11
519,stephenville,32.2207,-98.2023,28.41,72,0,1.54,US,2024-06-11
520,sambava,-14.2667,50.1667,22.01,90,100,3.28,MG,2024-06-11
521,namsos,64.4662,11.4957,7.03,87,100,1.03,NO,2024-06-11
522,kabalo,-6.05,26.9167,22.0,51,60,1.91,CD,2024-06-11
523,gamba,-2.65,10.0,22.16,93,24,0.33,GA,2024-06-11
524,cambria,35.5641,-121.0808,39.41,73,38,2.64,US,2024-06-11
525,mildura,-34.2,142.15,10.6,91,35,5.48,AU,2024-06-11
526,tari,12.4086,4.4914,27.71,71,100,5.32,NG,2024-06-11
527,portland,45.5234,-122.6762,24.81,47,75,5.66,US,2024-06-11
528,san juan de miraflores,-12.1629,-76.9635,21.6,78,100,1.54,PE,2024-06-11
529,moshkovo,55.3053,83.6104,14.34,93,99,1.96,RU,2024-06-11
530,lata,40.1629,-8.3327,15.6,98,1,1.06,PT,2024-06-11
531,shar'ya,58.3686,45.5144,22.21,75,100,5.81,RU,2024-06-11
532,hassi messaoud,31.6804,6.0729,37.92,10,40,2.57,DZ,2024-06-11
533,ascension,30.2169,-90.9001,34.45,54,100,2.06,US,2024-06-11
534,metlili chaamba,32.2667,3.6333,34.52,12,20,2.06,DZ,2024-06-11
535,pastos bons,-6.6017,-44.0767,25.79,47,27,1.17,BR,2024-06-11
536,sandnessjoen,66.0217,12.6316,8.29,78,100,5.45,NO,2024-06-11
537,estevan,49.1334,-102.9842,26.23,38,0,3.6,CA,2024-06-11
538,mezhdurechenskiy,59.6,65.9333,13.59,74,67,1.94,RU,2024-06-11
539,niamey,13.5137,2.1098,26.16,69,20,6.17,NE,2024-06-11
540,yanchep,-31.55,115.6833,15.53,88,56,0.4,AU,2024-06-11
541,carcarana,-32.8568,-61.1533,17.52,91,100,2.99,AR,2024-06-11
542,baker city,44.7749,-117.8344,30.84,27,0,4.63,US,2024-06-11
543,bubaque,11.2833,-15.8333,27.31,85,92,2.23,GW,2024-06-11
544,bay harbor,30.1471,-85.6146,34.43,45,40,3.09,US,2024-06-11
545,lerwick,60.1545,-1.1494,8.0,73,100,8.01,GB,2024-06-11
546,inari,68.906,27.0288,11.65,86,87,1.82,FI,2024-06-11
547,arua,3.0201,30.9111,17.65,96,62,2.11,UG,2024-06-11
548,leca da palmeira,41.191,-8.7003,19.5,77,0,5.14,PT,2024-06-11
549,nantucket,41.2835,-70.0995,20.01,76,0,2.06,US,2024-06-11
550,ammi moussa,35.8678,1.1114,21.84,59,16,1.28,DZ,2024-06-11
551,ventnor,50.5948,-1.2037,12.47,74,90,4.93,GB,2024-06-11
552,taroa,8.7058,171.2275,28.02,82,57,8.28,MH,2024-06-11
553,galliano,29.4422,-90.2992,32.0,74,0,2.06,US,2024-06-11
554,albertina,-22.2008,-46.6158,16.38,58,2,2.8,BR,2024-06-11
555,la ronge,55.1001,-105.2842,16.14,51,75,4.63,CA,2024-06-11
556,steamboat springs,40.485,-106.8317,27.41,25,0,4.63,US,2024-06-11
557,magistral'nyy,56.1725,107.4458,11.87,82,26,0.86,RU,2024-06-11
558,oranjestad,12.524,-70.027,29.97,83,20,11.32,AW,2024-06-11
559,kununurra,-15.7667,128.7333,12.99,94,51,0.0,AU,2024-06-11
560,darwin,-12.4611,130.8418,20.53,91,0,3.09,AU,2024-06-11
561,chotila,22.4167,71.1833,27.47,71,0,7.04,IN,2024-06-11
562,ugoofaaru,5.6667,73.0,28.65,78,100,7.55,MV,2024-06-11
563,adre,13.4667,22.2,26.68,51,100,4.48,TD,2024-06-11
564,laguna,38.421,-121.4238,40.19,29,0,5.14,US,2024-06-11
565,nizhnesortymskiy,62.4397,71.7603,13.65,66,1,2.76,RU,2024-06-11
566,haimen,23.1935,116.6142,26.94,91,58,4.87,CN,2024-06-11
567,keetmanshoop,-26.5833,18.1333,18.51,42,31,1.54,NA,2024-06-11
568,coos bay,43.3665,-124.2179,21.29,67,100,9.26,US,2024-06-11
569,as samawah,31.332,45.2944,34.32,16,0,3.62,IQ,2024-06-11
570,visakhapatnam,17.69,83.2093,29.94,89,40,2.06,IN,2024-06-11
571,ambalangoda,6.2355,80.0538,29.43,84,100,6.89,LK,2024-06-11
572,puerto carreno,6.189,-67.4859,26.99,89,40,3.6,CO,2024-06-11
573,sao felix do xingu,-6.6447,-51.995,25.17,58,93,1.5,BR,2024-06-11
574,musawa,12.1272,7.6698,26.76,56,85,1.4,NG,2024-06-11
575,lumajang,-8.1335,113.2248,23.36,95,86,1.49,ID,2024-06-11
576,sultanah,24.4926,39.5857,35.25,8,0,1.54,SA,2024-06-11
577,troy,42.6056,-83.1499,23.27,43,0,0.89,US,2024-06-11
578,garachico,28.7781,-17.7646,19.06,64,75,7.2,ES,2024-06-11
579,taulaga,-11.0553,-171.0883,28.45,77,96,5.12,AS,2024-06-11
580,berea,41.3662,-81.8543,21.78,48,40,4.12,US,2024-06-11
581,kuta,-8.7233,115.1723,25.97,88,20,3.6,ID,2024-06-11
